﻿이름,종류,주소,평점,리뷰수
성심당 본점,빵집,대전광역시 유성구 대학로 291,4.5,12025.0
성심당 DCC점,빵집,대전광역시 유성구 엑스포로 107,4.4,3399.0
성심당 롯데백화점대전점,빵집,대전광역시 서구 계룡로 598 1층,4.5,1760.0
성심당 케익부띠끄 본점,빵집,대전광역시 중구 대종로 480,4.5,1682.0
성심당 대전역점,빵집,대전광역시 동구 중앙로 215 대전역사 2F,4.3,441.0
성심당 옛맛솜씨,빵집,대전광역시 중구 은행동 대종로480번길 16,4.4,42.0
하레하레 둔산점,빵집,"대전광역시 서구 둔산로 155 크로바아파트 상가동 1,2층",4.2,616.0
하레하레베이커리카페2호점,빵집,대전광역시 서구 탄방동 587번지 1층,4.0,6.0
하레하레과자 도안점,빵집,대전광역시 서구 원도안로 26번길 13,4.4,290.0
하레하레 갤러리아 타임월드점,빵집,대전광역시 서구 둔산동 1036,,
하레하레 유성점,빵집,대전광역시 유성구 봉명동 1017-7,3.0,1.0
하루팡,빵집,대전광역시 유성구 봉명동 611-1 호 그랑펠리체,4.6,9.0
르뺑99-1,빵집,대전광역시 유성구 봉명동 650,342.0,342.0
몽심도안점,빵집,대전광역시 서구 도안동 998,4.8,19.0
꾸드뱅,빵집,대전광역시 유성구 지족동 575-5,4.3,517.0
몽심 한남대점,빵집,대전광역시 대덕구 오정동 175-45 1층,4.4,18.0
몽심 대흥점,빵집,대전광역시 중구 중교로 32 1 층,4.5,2.0
비머스트 봉명점,빵집,대전광역시 유성구 봉명서로 21-3 비머스트 1층,4.8,6.0
비머스트 도안점,빵집,대전광역시 서구 용소로46번길 34,5.0,1.0
빵 한모금,빵집,대전광역시 동구 자양동 197-8,4.5,188.0
연선흠과자점,빵집,"대전광역시 유성구 지족로148번길 39-23 1,2층",4.3,133.0
싶빵공장 둔산월평직영점,빵집,대전광역시 서구 청사로 130 105호,4.7,67.0
소신 대전,빵집,대전광역시 유성구 농대로15번길 7,4.3,272.0
에이트 대전,빵집,대전광역시 유성구 한밭대로 458,4.2,383.0
극독제과 대전중구점,빵집,대전광역시 중구 대사동 99-1,4.6,45.0
이봉구케잌과자점,빵집,대전광역시 중구 계백로 1615번길 37,4.5,
글로리아제과점,빵집,대전광역시 유성구 봉명동 561-10번지 1층,4.4,
이너프케이크,빵집,대전광역시 서구 갈마동 306-18,5.0,1.0
샤를몽탁,빵집,대전광역시 동구 대청동 회남로 172,,189.0
소올투베이커리,빵집,대전광역시 서구 둔지로 32,3.8,
인셉트,빵집,대전광역시 서구 갈마역로25번길 67 102호,3.8,6.0
작은숩,빵집,대전광역시 동구 성동로 17,4.92,225.0
윈도우로맨스,빵집,대전광역시 중구 과례로 84-2 1층,4.6,18.0
이케엔솜,빵집,대전광역시 서구 용소로 51,,
베이크샵 수하,빵집,대전광역시 유성구 지족북로 78,5.0,2.0
마마 러프 파이,빵집,대전광역시 서구 둔산동 1129,,
콜드버터 베이크샵,빵집,대전광역시 중구 대흥동 중앙로112번길 37,4.6,8.0
이이디 에스프레소 바,빵집,대전광역시 중구 중앙로129번길 30 2층,4.63,414.0
달케 디저트,빵집,대전광역시 서구 괴정동 7-17,4.0,1.0
SSAW,빵집,대전광역시 서구 둔산동 1435,4.5,139.0
